step,train_loss,val_loss
0,3.6645712852478027,3.668666362762451
200,0.8484986424446106,0.841974139213562
400,0.019318614155054092,0.024969931691884995
600,0.01130637526512146,0.013999263755977154
800,0.009376129135489464,0.010903443209826946
1000,0.009500857442617416,0.009219370782375336
1200,0.007431358098983765,0.00894430186599493
1400,0.008052615448832512,0.010280800983309746
1600,0.0063679092563688755,0.010377587750554085
